Workbook

Sheet Sheet1
A1: ciclo_original | B1: grupo_original | C1: cultivo_original | D1: area_sembrada_ha | E1: año | F1: fuente_taxonomia | G1: ciclo_armonizado | H1: grupo_armonizado | I1: cultivo_armonizado | J1: notas | K1: Armonizado | L1: porcentaje acumulado armonizado 2018 | M1: porcentaje acumulado armonizado 2019
A2: PERMANENTE | B2: OTROS PERMANENTES | C2: CAFE | D2: 10940392 | E2: 2007-2018 | F2: Eva antiguo | G2: Permanente | H2: Cultivos tropicales tradicionales | I2: Café | K2: TRUE | L2: =SUMIFS($D$2:$D2,$E$2:$E2,"2007-2018",$K$2:$K2,TRUE)/auxiliar!$B$3 -> 0.18132787 | M2: =SUMIFS($D$2:$D2,$E$2:$E2,"2019-2024",$K$2:$K2,TRUE)/auxiliar!$B$4 -> 0
A3: TRANSITORIO | B3: CEREALES | C3: MAIZ | D3: 7606746.7 | E3: 2007-2018 | F3: Eva antiguo | G3: Transitorio | H3: Cereales | I3: Maíz | K3: TRUE | L3: =SUMIFS($D$2:$D3,$E$2:$E3,"2007-2018",$K$2:$K3,TRUE)/auxiliar!$B$3 -> 0.30740335 | M3: =SUMIFS($D$2:$D3,$E$2:$E3,"2019-2024",$K$2:$K3,TRUE)/auxiliar!$B$4 -> 0
A4: TRANSITORIO | B4: CEREALES | C4: ARROZ | D4: 6822923 | E4: 2007-2018 | F4: Eva antiguo | G4: Transitorio | H4: Cereales | I4: Arroz | K4: TRUE | L4: =SUMIFS($D$2:$D4,$E$2:$E4,"2007-2018",$K$2:$K4,TRUE)/auxiliar!$B$3 -> 0.4204876 | M4: =SUMIFS($D$2:$D4,$E$2:$E4,"2019-2024",$K$2:$K4,TRUE)/auxiliar!$B$4 -> 0
A5: PERMANENTE | B5: OLEAGINOSAS | C5: PALMA DE ACEITE | D5: 6055813.5 | E5: 2007-2018 | F5: Eva antiguo | G5: Permanente | H5: Oleaginosas | I5: Palma de aceite | K5: TRUE | L5: =SUMIFS($D$2:$D5,$E$2:$E5,"2007-2018",$K$2:$K5,TRUE)/auxiliar!$B$3 -> 0.52085765 | M5: =SUMIFS($D$2:$D5,$E$2:$E5,"2019-2024",$K$2:$K5,TRUE)/auxiliar!$B$4 -> 0
A6: PERMANENTE | B6: TUBERCULOS Y PLATANOS | C6: PLATANO | D6: 5252053.5 | E6: 2007-2018 | F6: Eva antiguo | G6: Permanente | H6: Frutales | I6: Plátano | K6: TRUE | L6: =SUMIFS($D$2:$D6,$E$2:$E6,"2007-2018",$K$2:$K6,TRUE)/auxiliar!$B$3 -> 0.60790606 | M6: =SUMIFS($D$2:$D6,$E$2:$E6,"2019-2024",$K$2:$K6,TRUE)/auxiliar!$B$4 -> 0
A7: PERMANENTE | B7: OTROS PERMANENTES | C7: CAÑA PANELERA | D7: 2837352.5 | E7: 2007-2018 | F7: Eva antiguo | G7: Permanente | H7: Cultivos tropicales tradicionales | I7: Caña | J7: La suma de las cañas de 2018 coincide con el valor de Caña en 2019 | K7: TRUE | L7: =SUMIFS($D$2:$D7,$E$2:$E7,"2007-2018",$K$2:$K7,TRUE)/auxiliar!$B$3 -> 0.6549328 | M7: =SUMIFS($D$2:$D7,$E$2:$E7,"2019-2024",$K$2:$K7,TRUE)/auxiliar!$B$4 -> 0
A8: PERMANENTE | B8: OTROS PERMANENTES | C8: CAÑA AZUCARERA | D8: 2778985.7 | E8: 2007-2018 | F8: Eva antiguo | G8: Permanente | H8: Cultivos tropicales tradicionales | I8: Caña | J8: La suma de las cañas de 2018 coincide con el valor de Caña en 2019 | K8: TRUE | L8: =SUMIFS($D$2:$D8,$E$2:$E8,"2007-2018",$K$2:$K8,TRUE)/auxiliar!$B$3 -> 0.70099217 | M8: =SUMIFS($D$2:$D8,$E$2:$E8,"2019-2024",$K$2:$K8,TRUE)/auxiliar!$B$4 -> 0
A9: ANUAL | B9: TUBERCULOS Y PLATANOS | C9: YUCA | D9: 2583844.1 | E9: 2007-2018 | F9: Eva antiguo | G9: Transitorio | H9: Raíces y tubérculos | I9: Yuca | K9: TRUE | L9: =SUMIFS($D$2:$D9,$E$2:$E9,"2007-2018",$K$2:$K9,TRUE)/auxiliar!$B$3 -> 0.74381723 | M9: =SUMIFS($D$2:$D9,$E$2:$E9,"2019-2024",$K$2:$K9,TRUE)/auxiliar!$B$4 -> 0
A10: PERMANENTE | B10: OTROS PERMANENTES | C10: CACAO | D10: 2263985.4 | E10: 2007-2018 | F10: Eva antiguo | G10: Permanente | H10: Cultivos tropicales tradicionales | I10: Cacao | K10: TRUE | L10: =SUMIFS($D$2:$D10,$E$2:$E10,"2007-2018",$K$2:$K10,TRUE)/auxiliar!$B$3 -> 0.7813409 | M10: =SUMIFS($D$2:$D10,$E$2:$E10,"2019-2024",$K$2:$K10,TRUE)/auxiliar!$B$4 -> 0
A11: TRANSITORIO | B11: TUBERCULOS Y PLATANOS | C11: PAPA | D11: 2179556.2 | E11: 2007-2018 | F11: Eva antiguo | G11: Transitorio | H11: Raíces y tubérculos | I11: Papa | K11: TRUE | L11: =SUMIFS($D$2:$D11,$E$2:$E11,"2007-2018",$K$2:$K11,TRUE)/auxiliar!$B$3 -> 0.81746523 | M11: =SUMIFS($D$2:$D11,$E$2:$E11,"2019-2024",$K$2:$K11,TRUE)/auxiliar!$B$4 -> 0
A12: TRANSITORIO | B12: LEGUMINOSAS | C12: FRIJOL | D12: 1602215.8 | E12: 2007-2018 | F12: Eva antiguo | G12: Transitorio | H12: Leguminosas | I12: Frijol | K12: TRUE | L12: =SUMIFS($D$2:$D12,$E$2:$E12,"2007-2018",$K$2:$K12,TRUE)/auxiliar!$B$3 -> 0.84402062 | M12: =SUMIFS($D$2:$D12,$E$2:$E12,"2019-2024",$K$2:$K12,TRUE)/auxiliar!$B$4 -> 0
A13: PERMANENTE | B13: FRUTALES | C13: BANANO | D13: 966623.33 | E13: 2007-2018 | F13: Eva antiguo | G13: Permanente | H13: Frutales | I13: Banano | K13: TRUE | L13: =SUMIFS($D$2:$D13,$E$2:$E13,"2007-2018",$K$2:$K13,TRUE)/auxiliar!$B$3 -> 0.86004159 | M13: =SUMIFS($D$2:$D13,$E$2:$E13,"2019-2024",$K$2:$K13,TRUE)/auxiliar!$B$4 -> 0
A14: PERMANENTE | B14: FORESTALES | C14: CAUCHO | D14: 559378.82 | E14: 2007-2018 | F14: Eva antiguo | J14: Pendiente | K14: FALSE | L14: =SUMIFS($D$2:$D14,$E$2:$E14,"2007-2018",$K$2:$K14,TRUE)/auxiliar!$B$3 -> 0.86004159 | M14: =SUMIFS($D$2:$D14,$E$2:$E14,"2019-2024",$K$2:$K14,TRUE)/auxiliar!$B$4 -> 0
A15: PERMANENTE | B15: FRUTALES | C15: AGUACATE | D15: 547688.54 | E15: 2007-2018 | F15: Eva antiguo | G15: Permanente | H15: Frutales | I15: Aguacate | K15: TRUE | L15: =SUMIFS($D$2:$D15,$E$2:$E15,"2007-2018",$K$2:$K15,TRUE)/auxiliar!$B$3 -> 0.86911907 | M15: =SUMIFS($D$2:$D15,$E$2:$E15,"2019-2024",$K$2:$K15,TRUE)/auxiliar!$B$4 -> 0
A16: TRANSITORIO | B16: LEGUMINOSAS | C16: SOYA | D16: 488453.23 | E16: 2007-2018 | F16: Eva antiguo | G16: Transitorio | H16: Oleaginosas | I16: Soya | K16: TRUE | L16: =SUMIFS($D$2:$D16,$E$2:$E16,"2007-2018",$K$2:$K16,TRUE)/auxiliar!$B$3 -> 0.87721477 | M16: =SUMIFS($D$2:$D16,$E$2:$E16,"2019-2024",$K$2:$K16,TRUE)/auxiliar!$B$4 -> 0
A17: PERMANENTE | B17: FRUTALES | C17: CITRICOS | D17: 476095.92 | E17: 2007-2018 | F17: Eva antiguo | G17: Permanente | H17: Frutales | I17: Otros cítricos | K17: TRUE | L17: =SUMIFS($D$2:$D17,$E$2:$E17,"2007-2018",$K$2:$K17,TRUE)/auxiliar!$B$3 -> 0.88510567 | M17: =SUMIFS($D$2:$D17,$E$2:$E17,"2019-2024",$K$2:$K17,TRUE)/auxiliar!$B$4 -> 0
A18: ANUAL | B18: TUBERCULOS Y PLATANOS | C18: ÑAME | D18: 433858.98 | E18: 2007-2018 | F18: Eva antiguo | G18: Transitorio | H18: Raíces y tubérculos | I18: Ñame | K18: TRUE | L18: =SUMIFS($D$2:$D18,$E$2:$E18,"2007-2018",$K$2:$K18,TRUE)/auxiliar!$B$3 -> 0.89229652 | M18: =SUMIFS($D$2:$D18,$E$2:$E18,"2019-2024",$K$2:$K18,TRUE)/auxiliar!$B$4 -> 0
A19: TRANSITORIO | B19: FIBRAS | C19: ALGODON | D19: 408854.09 | E19: 2007-2018 | F19: Eva antiguo | G19: Transitorio | H19: Cultivos tropicales tradicionales | I19: Algodón | K19: TRUE | L19: =SUMIFS($D$2:$D19,$E$2:$E19,"2007-2018",$K$2:$K19,TRUE)/auxiliar!$B$3 -> 0.89907293 | M19: =SUMIFS($D$2:$D19,$E$2:$E19,"2019-2024",$K$2:$K19,TRUE)/auxiliar!$B$4 -> 0
A20: TRANSITORIO | B20: LEGUMINOSAS | C20: ARVEJA | D20: 379713.29 | E20: 2007-2018 | F20: Eva antiguo | G20: Transitorio | H20: Leguminosas | I20: Arveja | K20: TRUE | L20: =SUMIFS($D$2:$D20,$E$2:$E20,"2007-2018",$K$2:$K20,TRUE)/auxiliar!$B$3 -> 0.90536636 | M20: =SUMIFS($D$2:$D20,$E$2:$E20,"2019-2024",$K$2:$K20,TRUE)/auxiliar!$B$4 -> 0
A21: PERMANENTE | B21: FRUTALES | C21: MANGO | D21: 333890.96 | E21: 2007-2018 | F21: Eva antiguo | G21: Permanente | H21: Frutales | I21: Mango | K21: TRUE | L21: =SUMIFS($D$2:$D21,$E$2:$E21,"2007-2018",$K$2:$K21,TRUE)/auxiliar!$B$3 -> 0.91090033 | M21: =SUMIFS($D$2:$D21,$E$2:$E21,"2019-2024",$K$2:$K21,TRUE)/auxiliar!$B$4 -> 0
A22: PERMANENTE | B22: FRUTALES | C22: PIÑA | D22: 256438.65 | E22: 2007-2018 | F22: Eva antiguo | G22: Permanente | H22: Frutales | I22: Piña | K22: TRUE | L22: =SUMIFS($D$2:$D22,$E$2:$E22,"2007-2018",$K$2:$K22,TRUE)/auxiliar!$B$3 -> 0.91515058 | M22: =SUMIFS($D$2:$D22,$E$2:$E22,"2019-2024",$K$2:$K22,TRUE)/auxiliar!$B$4 -> 0
A23: PERMANENTE | B23: FRUTALES | C23: NARANJA | D23: 235595.24 | E23: 2007-2018 | F23: Eva antiguo | G23: Permanente | H23: Frutales | I23: Naranja | K23: TRUE | L23: =SUMIFS($D$2:$D23,$E$2:$E23,"2007-2018",$K$2:$K23,TRUE)/auxiliar!$B$3 -> 0.91905538 | M23: =SUMIFS($D$2:$D23,$E$2:$E23,"2019-2024",$K$2:$K23,TRUE)/auxiliar!$B$4 -> 0
A24: PERMANENTE | B24: FRUTALES | C24: COCO | D24: 235018.39 | E24: 2007-2018 | F24: Eva antiguo | G24: Permanente | H24: Frutales | I24: Coco | K24: TRUE | L24: =SUMIFS($D$2:$D24,$E$2:$E24,"2007-2018",$K$2:$K24,TRUE)/auxiliar!$B$3 -> 0.92295061 | M24: =SUMIFS($D$2:$D24,$E$2:$E24,"2019-2024",$K$2:$K24,TRUE)/auxiliar!$B$4 -> 0
A25: PERMANENTE | B25: FIBRAS | C25: FIQUE | D25: 225195.98 | E25: 2007-2018 | F25: Eva antiguo | G25: Permanente | H25: Cultivos tropicales tradicionales | I25: Fique | K25: TRUE | L25: =SUMIFS($D$2:$D25,$E$2:$E25,"2007-2018",$K$2:$K25,TRUE)/auxiliar!$B$3 -> 0.92668305 | M25: =SUMIFS($D$2:$D25,$E$2:$E25,"2019-2024",$K$2:$K25,TRUE)/auxiliar!$B$4 -> 0
A26: TRANSITORIO | B26: HORTALIZAS | C26: TOMATE | D26: 212164.98 | E26: 2007-2018 | F26: Eva antiguo | G26: Transitorio | H26: Hortalizas | I26: Tomate | K26: TRUE | L26: =SUMIFS($D$2:$D26,$E$2:$E26,"2007-2018",$K$2:$K26,TRUE)/auxiliar!$B$3 -> 0.93019951 | M26: =SUMIFS($D$2:$D26,$E$2:$E26,"2019-2024",$K$2:$K26,TRUE)/auxiliar!$B$4 -> 0
... A41: TRANSITORIO | B41: CEREALES | C41: TRIGO | D41: 91067.257 | E41: 2007-2018 | F41: Eva antiguo | G41: Transitorio | H41: Cereales | I41: Trigo | K41: TRUE | L41: =SUMIFS($D$2:$D41,$E$2:$E41,"2007-2018",$K$2:$K41,TRUE)/auxiliar!$B$3 -> 0.96194261 | M41: =SUMIFS($D$2:$D41,$E$2:$E41,"2019-2024",$K$2:$K41,TRUE)/auxiliar!$B$4 -> 0
A42: TRANSITORIO | B42: OTROS TRANSITORIOS | C42: TABACO RUBIO | D42: 90843.502 | E42: 2007-2018 | F42: Eva antiguo | G42: Transitorio | H42: Cultivos tropicales tradicionales | I42: Tabaco | J42: La suma de los Tabacos de 2018 es coherente con el Tabaco de 2019 | K42: TRUE | L42: =SUMIFS($D$2:$D42,$E$2:$E42,"2007-2018",$K$2:$K42,TRUE)/auxiliar!$B$3 -> 0.96344826 | M42: =SUMIFS($D$2:$D42,$E$2:$E42,"2019-2024",$K$2:$K42,TRUE)/auxiliar!$B$4 -> 0
A43: TRANSITORIO | B43: HORTALIZAS | C43: CEBOLLA DE RAMA | D43: 90500.938 | E43: 2007-2018 | F43: Eva antiguo | G43: Transitorio | H43: Hortalizas | I43: Cebolla de rama | K43: TRUE | L43: =SUMIFS($D$2:$D43,$E$2:$E43,"2007-2018",$K$2:$K43,TRUE)/auxiliar!$B$3 -> 0.96494824 | M43: =SUMIFS($D$2:$D43,$E$2:$E43,"2019-2024",$K$2:$K43,TRUE)/auxiliar!$B$4 -> 0
A44: TRANSITORIO | B44: LEGUMINOSAS | C44: HABICHUELA | D44: 87457.699 | E44: 2007-2018 | F44: Eva antiguo | G44: Transitorio | H44: Leguminosas | I44: Habichuela | K44: TRUE | L44: =SUMIFS($D$2:$D44,$E$2:$E44,"2007-2018",$K$2:$K44,TRUE)/auxiliar!$B$3 -> 0.96639778 | M44: =SUMIFS($D$2:$D44,$E$2:$E44,"2019-2024",$K$2:$K44,TRUE)/auxiliar!$B$4 -> 0
A45: PERMANENTE | B45: FRUTALES | C45: PAPAYA | D45: 77288.505 | E45: 2007-2018 | F45: Eva antiguo | G45: Permanente | H45: Frutales | I45: Papaya | K45: TRUE | L45: =SUMIFS($D$2:$D45,$E$2:$E45,"2007-2018",$K$2:$K45,TRUE)/auxiliar!$B$3 -> 0.96767877 | M45: =SUMIFS($D$2:$D45,$E$2:$E45,"2019-2024",$K$2:$K45,TRUE)/auxiliar!$B$4 -> 0
A46: PERMANENTE | B46: FRUTALES | C46: BANANITO | D46: 76137.7 | E46: 2007-2018 | F46: Eva antiguo | J46: Pendiente | K46: FALSE | L46: =SUMIFS($D$2:$D46,$E$2:$E46,"2007-2018",$K$2:$K46,TRUE)/auxiliar!$B$3 -> 0.96767877 | M46: =SUMIFS($D$2:$D46,$E$2:$E46,"2019-2024",$K$2:$K46,TRUE)/auxiliar!$B$4 -> 0
A47: PERMANENTE | B47: OTROS PERMANENTES | C47: CAÑA MIEL | D47: 67088.313 | E47: 2007-2018 | F47: Eva antiguo | G47: Permanente | H47: Cultivos tropicales tradicionales | I47: Caña | J47: La suma de las cañas de 2018 coincide con el valor de Caña en 2019 | K47: TRUE | L47: =SUMIFS($D$2:$D47,$E$2:$E47,"2007-2018",$K$2:$K47,TRUE)/auxiliar!$B$3 -> 0.96879071 | M47: =SUMIFS($D$2:$D47,$E$2:$E47,"2019-2024",$K$2:$K47,TRUE)/auxiliar!$B$4 -> 0
A48: PERMANENTE | B48: FRUTALES | C48: GRANADILLA | D48: 60939.771 | E48: 2007-2018 | F48: Eva antiguo | G48: Permanente | H48: Frutales | I48: Granadilla | K48: TRUE | L48: =SUMIFS($D$2:$D48,$E$2:$E48,"2007-2018",$K$2:$K48,TRUE)/auxiliar!$B$3 -> 0.96980073 | M48: =SUMIFS($D$2:$D48,$E$2:$E48,"2019-2024",$K$2:$K48,TRUE)/auxiliar!$B$4 -> 0
A49: TRANSITORIO | B49: FRUTALES | C49: MELON | D49: 54990.861 | E49: 2007-2018 | F49: Eva antiguo | G49: Transitorio | H49: Hortalizas | I49: Melón | K49: TRUE | L49: =SUMIFS($D$2:$D49,$E$2:$E49,"2007-2018",$K$2:$K49,TRUE)/auxiliar!$B$3 -> 0.97071216 | M49: =SUMIFS($D$2:$D49,$E$2:$E49,"2019-2024",$K$2:$K49,TRUE)/auxiliar!$B$4 -> 0
A50: TRANSITORIO | B50: HORTALIZAS | C50: HORTALIZAS VARIAS | D50: 53753.186 | E50: 2007-2018 | F50: Eva antiguo | G50: Transitorio | H50: Hortalizas | I50: Otras hortalizas | K50: TRUE | L50: =SUMIFS($D$2:$D50,$E$2:$E50,"2007-2018",$K$2:$K50,TRUE)/auxiliar!$B$3 -> 0.97160307 | M50: =SUMIFS($D$2:$D50,$E$2:$E50,"2019-2024",$K$2:$K50,TRUE)/auxiliar!$B$4 -> 0
A51: PERMANENTE | B51: FRUTALES | C51: GUANABANA | D51: 50122.98 | E51: 2007-2018 | F51: Eva antiguo | G51: Permanente | H51: Frutales | I51: Guanábana | K51: TRUE | L51: =SUMIFS($D$2:$D51,$E$2:$E51,"2007-2018",$K$2:$K51,TRUE)/auxiliar!$B$3 -> 0.97243382 | M51: =SUMIFS($D$2:$D51,$E$2:$E51,"2019-2024",$K$2:$K51,TRUE)/auxiliar!$B$4 -> 0
A52: TRANSITORIO | B52: OLEAGINOSAS | C52: AJONJOLI | D52: 49998.545 | E52: 2007-2018 | F52: Eva antiguo | G52: Transitorio | H52: Oleaginosas | I52: Ajonjolí | K52: TRUE | L52: =SUMIFS($D$2:$D52,$E$2:$E52,"2007-2018",$K$2:$K52,TRUE)/auxiliar!$B$3 -> 0.9732625 | M52: =SUMIFS($D$2:$D52,$E$2:$E52,"2019-2024",$K$2:$K52,TRUE)/auxiliar!$B$4 -> 0
A53: ANUAL | B53: OTROS PERMANENTES | C53: TABACO NEGRO | D53: 49563.882 | E53: 2007-2018 | F53: Eva antiguo | G53: Transitorio | H53: Cultivos tropicales tradicionales | I53: Tabaco | J53: La suma de los Tabacos de 2018 es coherente con el Tabaco de 2019 | K53: TRUE | L53: =SUMIFS($D$2:$D53,$E$2:$E53,"2007-2018",$K$2:$K53,TRUE)/auxiliar!$B$3 -> 0.97408398 | M53: =SUMIFS($D$2:$D53,$E$2:$E53,"2019-2024",$K$2:$K53,TRUE)/auxiliar!$B$4 -> 0
A54: ANUAL | B54: TUBERCULOS Y PLATANOS | C54: MALANGA | D54: 49236.51 | E54: 2007-2018 | F54: Eva antiguo | G54: Transitorio | H54: Raíces y tubérculos | I54: Malanga, achín, yota, papa china, bore | J54: Pendiente | K54: TRUE | L54: =SUMIFS($D$2:$D54,$E$2:$E54,"2007-2018",$K$2:$K54,TRUE)/auxiliar!$B$3 -> 0.97490004 | M54: =SUMIFS($D$2:$D54,$E$2:$E54,"2019-2024",$K$2:$K54,TRUE)/auxiliar!$B$4 -> 0
A55: TRANSITORIO | B55: HORTALIZAS | C55: LECHUGA | D55: 46764.04 | E55: 2007-2018 | F55: Eva antiguo | G55: Transitorio | H55: Hortalizas | I55: Lechuga | K55: TRUE | L55: =SUMIFS($D$2:$D55,$E$2:$E55,"2007-2018",$K$2:$K55,TRUE)/auxiliar!$B$3 -> 0.97567511 | M55: =SUMIFS($D$2:$D55,$E$2:$E55,"2019-2024",$K$2:$K55,TRUE)/auxiliar!$B$4 -> 0
A56: TRANSITORIO | B56: HORTALIZAS | C56: AJI | D56: 43869.675 | E56: 2007-2018 | F56: Eva antiguo | G56: Transitorio | H56: Hortalizas | I56: Ají | K56: TRUE | L56: =SUMIFS($D$2:$D56,$E$2:$E56,"2007-2018",$K$2:$K56,TRUE)/auxiliar!$B$3 -> 0.97640222 | M56: =SUMIFS($D$2:$D56,$E$2:$E56,"2019-2024",$K$2:$K56,TRUE)/auxiliar!$B$4 -> 0
A57: PERMANENTE | B57: FRUTALES | C57: BOROJO | D57: 39208.426 | E57: 2007-2018 | F57: Eva antiguo | G57: Permanente | H57: Frutales | I57: Borojó | K57: TRUE | L57: =SUMIFS($D$2:$D57,$E$2:$E57,"2007-2018",$K$2:$K57,TRUE)/auxiliar!$B$3 -> 0.97705206 | M57: =SUMIFS($D$2:$D57,$E$2:$E57,"2019-2024",$K$2:$K57,TRUE)/auxiliar!$B$4 -> 0
A58: PERMANENTE | B58: HORTALIZAS | C58: PALMITO | D58: 38703 | E58: 2007-2018 | F58: Eva antiguo | G58: Permanente | H58: Hortalizas | I58: Palmito | K58: TRUE | L58: =SUMIFS($D$2:$D58,$E$2:$E58,"2007-2018",$K$2:$K58,TRUE)/auxiliar!$B$3 -> 0.97769353 | M58: =SUMIFS($D$2:$D58,$E$2:$E58,"2019-2024",$K$2:$K58,TRUE)/auxiliar!$B$4 -> 0
A59: TRANSITORIO | B59: LEGUMINOSAS | C59: MANI | D59: 34160.45 | E59: 2007-2018 | F59: Eva antiguo | G59: Transitorio | H59: Leguminosas | I59: Maní | K59: TRUE | L59: =SUMIFS($D$2:$D59,$E$2:$E59,"2007-2018",$K$2:$K59,TRUE)/auxiliar!$B$3 -> 0.97825971 | M59: =SUMIFS($D$2:$D59,$E$2:$E59,"2019-2024",$K$2:$K59,TRUE)/auxiliar!$B$4 -> 0
A60: PERMANENTE | B60: FRUTALES | C60: UVA | D60: 32730.064 | E60: 2007-2018 | F60: Eva antiguo | G60: Permanente | H60: Frutales | I60: Uva | K60: TRUE | L60: =SUMIFS($D$2:$D60,$E$2:$E60,"2007-2018",$K$2:$K60,TRUE)/auxiliar!$B$3 -> 0.97880219 | M60: =SUMIFS($D$2:$D60,$E$2:$E60,"2019-2024",$K$2:$K60,TRUE)/auxiliar!$B$4 -> 0
A61: TRANSITORIO | B61: HORTALIZAS | C61: PIMENTON | D61: 31762.206 | E61: 2007-2018 | F61: Eva antiguo | G61: Transitorio | H61: Hortalizas | I61: Pimentón | K61: TRUE | L61: =SUMIFS($D$2:$D61,$E$2:$E61,"2007-2018",$K$2:$K61,TRUE)/auxiliar!$B$3 -> 0.97932862 | M61: =SUMIFS($D$2:$D61,$E$2:$E61,"2019-2024",$K$2:$K61,TRUE)/auxiliar!$B$4 -> 0
A62: TRANSITORIO | B62: HORTALIZAS | C62: CILANTRO | D62: 31628.198 | E62: 2007-2018 | F62: Eva antiguo | G62: Transitorio | H62: Hortalizas | I62: Cilantro | K62: TRUE | L62: =SUMIFS($D$2:$D62,$E$2:$E62,"2007-2018",$K$2:$K62,TRUE)/auxiliar!$B$3 -> 0.97985283 | M62: =SUMIFS($D$2:$D62,$E$2:$E62,"2019-2024",$K$2:$K62,TRUE)/auxiliar!$B$4 -> 0
A63: TRANSITORIO | B63: HORTALIZAS | C63: REPOLLO | D63: 31587.741 | E63: 2007-2018 | F63: Eva antiguo | G63: Transitorio | H63: Hortalizas | I63: Repollo | K63: TRUE | L63: =SUMIFS($D$2:$D63,$E$2:$E63,"2007-2018",$K$2:$K63,TRUE)/auxiliar!$B$3 -> 0.98037637 | M63: =SUMIFS($D$2:$D63,$E$2:$E63,"2019-2024",$K$2:$K63,TRUE)/auxiliar!$B$4 -> 0
A64: PERMANENTE | B64: FRUTALES | C64: DURAZNO | D64: 26292.94 | E64: 2007-2018 | F64: Eva antiguo | G64: Permanente | H64: Frutales | I64: Durazno o albaricoque | K64: TRUE | L64: =SUMIFS($D$2:$D64,$E$2:$E64,"2007-2018",$K$2:$K64,TRUE)/auxiliar!$B$3 -> 0.98081215 | M64: =SUMIFS($D$2:$D64,$E$2:$E64,"2019-2024",$K$2:$K64,TRUE)/auxiliar!$B$4 -> 0
A65: TRANSITORIO | B65: CEREALES | C65: MAIZ FORRAJERO | D65: 25627.7 | E65: 2007-2018 | F65: Eva antiguo | J65: Pendiente | K65: FALSE | L65: =SUMIFS($D$2:$D65,$E$2:$E65,"2007-2018",$K$2:$K65,TRUE)/auxiliar!$B$3 -> 0.98081215 | M65: =SUMIFS($D$2:$D65,$E$2:$E65,"2019-2024",$K$2:$K65,TRUE)/auxiliar!$B$4 -> 0
A66: TRANSITORIO | B66: CEREALES | C66: CEBADA | D66: 25587.852 | E66: 2007-2018 | F66: Eva antiguo | G66: Transitorio | H66: Cereales | I66: Cebada | K66: TRUE | L66: =SUMIFS($D$2:$D66,$E$2:$E66,"2007-2018",$K$2:$K66,TRUE)/auxiliar!$B$3 -> 0.98123625 | M66: =SUMIFS($D$2:$D66,$E$2:$E66,"2019-2024",$K$2:$K66,TRUE)/auxiliar!$B$4 -> 0
A67: PERMANENTE | B67: FRUTALES | C67: LIMA | D67: 25194.37 | E67: 2007-2018 | F67: Eva antiguo | G67: Permanente | H67: Frutales | I67: Lima | K67: TRUE | L67: =SUMIFS($D$2:$D67,$E$2:$E67,"2007-2018",$K$2:$K67,TRUE)/auxiliar!$B$3 -> 0.98165383 | M67: =SUMIFS($D$2:$D67,$E$2:$E67,"2019-2024",$K$2:$K67,TRUE)/auxiliar!$B$4 -> 0
A68: PERMANENTE | B68: FRUTALES | C68: CURUBA | D68: 21973.655 | E68: 2007-2018 | F68: Eva antiguo | G68: Permanente | H68: Frutales | I68: Curuba | K68: TRUE | L68: =SUMIFS($D$2:$D68,$E$2:$E68,"2007-2018",$K$2:$K68,TRUE)/auxiliar!$B$3 -> 0.98201802 | M68: =SUMIFS($D$2:$D68,$E$2:$E68,"2019-2024",$K$2:$K68,TRUE)/auxiliar!$B$4 -> 0
A69: PERMANENTE | B69: FRUTALES | C69: MARAÑON | D69: 21437.3 | E69: 2007-2018 | F69: Eva antiguo | G69: Permanente | H69: Frutales | I69: Marañón | K69: TRUE | L69: =SUMIFS($D$2:$D69,$E$2:$E69,"2007-2018",$K$2:$K69,TRUE)/auxiliar!$B$3 -> 0.98237333 | M69: =SUMIFS($D$2:$D69,$E$2:$E69,"2019-2024",$K$2:$K69,TRUE)/auxiliar!$B$4 -> 0
A70: PERMANENTE | B70: FRUTALES | C70: FRESA | D70: 20754.922 | E70: 2007-2018 | F70: Eva antiguo | G70: Permanente | H70: Frutales | I70: Fresa | K70: TRUE | L70: =SUMIFS($D$2:$D70,$E$2:$E70,"2007-2018",$K$2:$K70,TRUE)/auxiliar!$B$3 -> 0.98271732 | M70: =SUMIFS($D$2:$D70,$E$2:$E70,"2019-2024",$K$2:$K70,TRUE)/auxiliar!$B$4 -> 0
A71: PERMANENTE | B71: FRUTALES | C71: CIRUELA | D71: 19204.299 | E71: 2007-2018 | F71: Eva antiguo | G71: Permanente | H71: Frutales | I71: Ciruela | K71: TRUE | L71: =SUMIFS($D$2:$D71,$E$2:$E71,"2007-2018",$K$2:$K71,TRUE)/auxiliar!$B$3 -> 0.98303562 | M71: =SUMIFS($D$2:$D71,$E$2:$E71,"2019-2024",$K$2:$K71,TRUE)/auxiliar!$B$4 -> 0
A72: TRANSITORIO | B72: LEGUMINOSAS | C72: HABA | D72: 19196.57 | E72: 2007-2018 | F72: Eva antiguo | G72: Transitorio | H72: Leguminosas | I72: Haba | K72: TRUE | L72: =SUMIFS($D$2:$D72,$E$2:$E72,"2007-2018",$K$2:$K72,TRUE)/auxiliar!$B$3 -> 0.98335379 | M72: =SUMIFS($D$2:$D72,$E$2:$E72,"2019-2024",$K$2:$K72,TRUE)/auxiliar!$B$4 -> 0
A73: PERMANENTE | B73: FRUTALES | C73: PERA | D73: 16970.766 | E73: 2007-2018 | F73: Eva antiguo | G73: Permanente | H73: Frutales | I73: Pera | K73: TRUE | L73: =SUMIFS($D$2:$D73,$E$2:$E73,"2007-2018",$K$2:$K73,TRUE)/auxiliar!$B$3 -> 0.98363506 | M73: =SUMIFS($D$2:$D73,$E$2:$E73,"2019-2024",$K$2:$K73,TRUE)/auxiliar!$B$4 -> 0
A74: PERMANENTE | B74: FRUTALES | C74: PITAHAYA | D74: 16599.991 | E74: 2007-2018 | F74: Eva antiguo | G74: Permanente | H74: Frutales | I74: Pitahaya | K74: TRUE | L74: =SUMIFS($D$2:$D74,$E$2:$E74,"2007-2018",$K$2:$K74,TRUE)/auxiliar!$B$3 -> 0.98391019 | M74: =SUMIFS($D$2:$D74,$E$2:$E74,"2019-2024",$K$2:$K74,TRUE)/auxiliar!$B$4 -> 0
A75: ANUAL | B75: LEGUMINOSAS | C75: GUANDUL | D75: 15443.915 | E75: 2007-2018 | F75: Eva antiguo | G75: Transitorio | H75: Leguminosas | I75: Guandul | K75: TRUE | L75: =SUMIFS($D$2:$D75,$E$2:$E75,"2007-2018",$K$2:$K75,TRUE)/auxiliar!$B$3 -> 0.98416616 | M75: =SUMIFS($D$2:$D75,$E$2:$E75,"2019-2024",$K$2:$K75,TRUE)/auxiliar!$B$4 -> 0
A76: PERMANENTE | B76: FRUTALES | C76: UCHUVA | D76: 15222.233 | E76: 2007-2018 | F76: Eva antiguo | G76: Permanente | H76: Frutales | I76: Uchuva | K76: TRUE | L76: =SUMIFS($D$2:$D76,$E$2:$E76,"2007-2018",$K$2:$K76,TRUE)/auxiliar!$B$3 -> 0.98441846 | M76: =SUMIFS($D$2:$D76,$E$2:$E76,"2019-2024",$K$2:$K76,TRUE)/auxiliar!$B$4 -> 0
A77: TRANSITORIO | B77: HORTALIZAS | C77: PEPINO COHOMBRO | D77: 14631.664 | E77: 2007-2018 | F77: Eva antiguo | G77: Transitorio | H77: Hortalizas | I77: Pepino Cohombro | K77: TRUE | L77: =SUMIFS($D$2:$D77,$E$2:$E77,"2007-2018",$K$2:$K77,TRUE)/auxiliar!$B$3 -> 0.98466097 | M77: =SUMIFS($D$2:$D77,$E$2:$E77,"2019-2024",$K$2:$K77,TRUE)/auxiliar!$B$4 -> 0
... A81: TRANSITORIO | B81: CEREALES | C81: AVENA | D81: 10353.05 | E81: 2007-2018 | F81: Eva antiguo | G81: Transitorio | H81: Cereales | I81: Avena | K81: TRUE | L81: =SUMIFS($D$2:$D81,$E$2:$E81,"2007-2018",$K$2:$K81,TRUE)/auxiliar!$B$3 -> 0.98545044 | M81: =SUMIFS($D$2:$D81,$E$2:$E81,"2019-2024",$K$2:$K81,TRUE)/auxiliar!$B$4 -> 0
A82: PERMANENTE | B82: FLORES Y FOLLAJES | C82: HORTENSIA | D82: 9897.75 | E82: 2007-2018 | F82: Eva antiguo | J82: Pendiente | K82: FALSE | L82: =SUMIFS($D$2:$D82,$E$2:$E82,"2007-2018",$K$2:$K82,TRUE)/auxiliar!$B$3 -> 0.98545044 | M82: =SUMIFS($D$2:$D82,$E$2:$E82,"2019-2024",$K$2:$K82,TRUE)/auxiliar!$B$4 -> 0
A83: TRANSITORIO | B83: HORTALIZAS | C83: BROCOLI | D83: 9506.04 | E83: 2007-2018 | F83: Eva antiguo | G83: Transitorio | H83: Hortalizas | I83: Brócoli | K83: TRUE | L83: =SUMIFS($D$2:$D83,$E$2:$E83,"2007-2018",$K$2:$K83,TRUE)/auxiliar!$B$3 -> 0.985608 | M83: =SUMIFS($D$2:$D83,$E$2:$E83,"2019-2024",$K$2:$K83,TRUE)/auxiliar!$B$4 -> 0
A84: PERMANENTE | B84: LEGUMINOSAS | C84: ALFALFA | D84: 7830 | E84: 2007-2018 | F84: Eva antiguo | J84: Pendiente | K84: FALSE | L84: =SUMIFS($D$2:$D84,$E$2:$E84,"2007-2018",$K$2:$K84,TRUE)/auxiliar!$B$3 -> 0.985608 | M84: =SUMIFS($D$2:$D84,$E$2:$E84,"2019-2024",$K$2:$K84,TRUE)/auxiliar!$B$4 -> 0
A85: TRANSITORIO | B85: HORTALIZAS | C85: APIO | D85: 6714.07 | E85: 2007-2018 | F85: Eva antiguo | G85: Transitorio | H85: Hortalizas | I85: Apio | K85: TRUE | L85: =SUMIFS($D$2:$D85,$E$2:$E85,"2007-2018",$K$2:$K85,TRUE)/auxiliar!$B$3 -> 0.98571928 | M85: =SUMIFS($D$2:$D85,$E$2:$E85,"2019-2024",$K$2:$K85,TRUE)/auxiliar!$B$4 -> 0
A86: TRANSITORIO | B86: HORTALIZAS | C86: COLIFLOR | D86: 6659.701 | E86: 2007-2018 | F86: Eva antiguo | G86: Transitorio | H86: Hortalizas | I86: Coliflor | K86: TRUE | L86: =SUMIFS($D$2:$D86,$E$2:$E86,"2007-2018",$K$2:$K86,TRUE)/auxiliar!$B$3 -> 0.98582966 | M86: =SUMIFS($D$2:$D86,$E$2:$E86,"2019-2024",$K$2:$K86,TRUE)/auxiliar!$B$4 -> 0
A87: TRANSITORIO | B87: TUBERCULOS Y PLATANOS | C87: ULLUCO | D87: 6510.32 | E87: 2007-2018 | F87: Eva antiguo | G87: Transitorio | H87: Raíces y tubérculos | I87: Ulluco | K87: TRUE | L87: =SUMIFS($D$2:$D87,$E$2:$E87,"2007-2018",$K$2:$K87,TRUE)/auxiliar!$B$3 -> 0.98593756 | M87: =SUMIFS($D$2:$D87,$E$2:$E87,"2019-2024",$K$2:$K87,TRUE)/auxiliar!$B$4 -> 0
A88: TRANSITORIO | B88: CEREALES | C88: QUINUA | D88: 6127.69 | E88: 2007-2018 | F88: Eva antiguo | G88: Transitorio | H88: Cereales | I88: Quinua | K88: TRUE | L88: =SUMIFS($D$2:$D88,$E$2:$E88,"2007-2018",$K$2:$K88,TRUE)/auxiliar!$B$3 -> 0.98603912 | M88: =SUMIFS($D$2:$D88,$E$2:$E88,"2019-2024",$K$2:$K88,TRUE)/auxiliar!$B$4 -> 0
A89: TRANSITORIO | B89: HORTALIZAS | C89: PEPINO GUISO | D89: 6119.5626 | E89: 2007-2018 | F89: Eva antiguo | G89: Transitorio | H89: Hortalizas | I89: Pepino Guiso | K89: TRUE | L89: =SUMIFS($D$2:$D89,$E$2:$E89,"2007-2018",$K$2:$K89,TRUE)/auxiliar!$B$3 -> 0.98614055 | M89: =SUMIFS($D$2:$D89,$E$2:$E89,"2019-2024",$K$2:$K89,TRUE)/auxiliar!$B$4 -> 0
A90: PERMANENTE | B90: FLORES Y FOLLAJES | C90: FLORES Y FOLLAJES | D90: 6046.396 | E90: 2007-2018 | F90: Eva antiguo | J90: Pendiente | K90: FALSE | L90: =SUMIFS($D$2:$D90,$E$2:$E90,"2007-2018",$K$2:$K90,TRUE)/auxiliar!$B$3 -> 0.98614055 | M90: =SUMIFS($D$2:$D90,$E$2:$E90,"2019-2024",$K$2:$K90,TRUE)/auxiliar!$B$4 -> 0
A91: TRANSITORIO | B91: HORTALIZAS | C91: AJO | D91: 6006.3314 | E91: 2007-2018 | F91: Eva antiguo | G91: Transitorio | H91: Hortalizas | I91: Ajo | K91: TRUE | L91: =SUMIFS($D$2:$D91,$E$2:$E91,"2007-2018",$K$2:$K91,TRUE)/auxiliar!$B$3 -> 0.9862401 | M91: =SUMIFS($D$2:$D91,$E$2:$E91,"2019-2024",$K$2:$K91,TRUE)/auxiliar!$B$4 -> 0
A92: PERMANENTE | B92: PLANTAS AROMATICAS, CONDIMENTARIAS Y MEDICINALES | C92: PIMIENTA | D92: 5758.7 | E92: 2007-2018 | F92: Eva antiguo | G92: Permanente | H92: Cultivos para condimentos, bebidas medicinales y aromáticas | I92: Pimienta | K92: TRUE | L92: =SUMIFS($D$2:$D92,$E$2:$E92,"2007-2018",$K$2:$K92,TRUE)/auxiliar!$B$3 -> 0.98633555 | M92: =SUMIFS($D$2:$D92,$E$2:$E92,"2019-2024",$K$2:$K92,TRUE)/auxiliar!$B$4 -> 0
A93: TRANSITORIO | B93: HORTALIZAS | C93: BERENJENA | D93: 5707.9662 | E93: 2007-2018 | F93: Eva antiguo | G93: Transitorio | H93: Hortalizas | I93: Berenjena | K93: TRUE | L93: =SUMIFS($D$2:$D93,$E$2:$E93,"2007-2018",$K$2:$K93,TRUE)/auxiliar!$B$3 -> 0.98643015 | M93: =SUMIFS($D$2:$D93,$E$2:$E93,"2019-2024",$K$2:$K93,TRUE)/auxiliar!$B$4 -> 0
A94: PERMANENTE | B94: FRUTALES | C94: ARAZA | D94: 5373.5593 | E94: 2007-2018 | F94: Eva antiguo | G94: Permanente | H94: Frutales | I94: Arazá | K94: TRUE | L94: =SUMIFS($D$2:$D94,$E$2:$E94,"2007-2018",$K$2:$K94,TRUE)/auxiliar!$B$3 -> 0.98651921 | M94: =SUMIFS($D$2:$D94,$E$2:$E94,"2019-2024",$K$2:$K94,TRUE)/auxiliar!$B$4 -> 0
A95: PERMANENTE | B95: OLEAGINOSAS | C95: SACHA INCHI | D95: 5152.3 | E95: 2007-2018 | F95: Eva antiguo | G95: PERMANENTE | H95: OLEAGINOSAS | I95: SACHA INCHI | K95: TRUE | L95: =SUMIFS($D$2:$D95,$E$2:$E95,"2007-2018",$K$2:$K95,TRUE)/auxiliar!$B$3 -> 0.98660461 | M95: =SUMIFS($D$2:$D95,$E$2:$E95,"2019-2024",$K$2:$K95,TRUE)/auxiliar!$B$4 -> 0
A96: ANUAL | B96: PLANTAS AROMATICAS, CONDIMENTARIAS Y MEDICINALES | C96: ACHIOTE | D96: 4954.9 | E96: 2007-2018 | F96: Eva antiguo | G96: Permanente | H96: Cultivos para condimentos, bebidas medicinales y aromáticas | I96: Achiote | K96: TRUE | L96: =SUMIFS($D$2:$D96,$E$2:$E96,"2007-2018",$K$2:$K96,TRUE)/auxiliar!$B$3 -> 0.98668673 | M96: =SUMIFS($D$2:$D96,$E$2:$E96,"2019-2024",$K$2:$K96,TRUE)/auxiliar!$B$4 -> 0
A97: PERMANENTE | B97: FRUTALES | C97: ZAPOTE | D97: 4908.2049 | E97: 2007-2018 | F97: Eva antiguo | G97: Permanente | H97: Frutales | I97: Zapote | K97: TRUE | L97: =SUMIFS($D$2:$D97,$E$2:$E97,"2007-2018",$K$2:$K97,TRUE)/auxiliar!$B$3 -> 0.98676808 | M97: =SUMIFS($D$2:$D97,$E$2:$E97,"2019-2024",$K$2:$K97,TRUE)/auxiliar!$B$4 -> 0
A98: TRANSITORIO | B98: HORTALIZAS | C98: ESPINACA | D98: 4639.3 | E98: 2007-2018 | F98: Eva antiguo | G98: Transitorio | H98: Hortalizas | I98: Espinaca | K98: TRUE | L98: =SUMIFS($D$2:$D98,$E$2:$E98,"2007-2018",$K$2:$K98,TRUE)/auxiliar!$B$3 -> 0.98684497 | M98: =SUMIFS($D$2:$D98,$E$2:$E98,"2019-2024",$K$2:$K98,TRUE)/auxiliar!$B$4 -> 0
A99: PERMANENTE | B99: FRUTALES | C99: ASAI | D99: 4370.9 | E99: 2007-2018 | F99: Eva antiguo | G99: Permanente | H99: Frutales | I99: Asaí | K99: TRUE | L99: =SUMIFS($D$2:$D99,$E$2:$E99,"2007-2018",$K$2:$K99,TRUE)/auxiliar!$B$3 -> 0.98691742 | M99: =SUMIFS($D$2:$D99,$E$2:$E99,"2019-2024",$K$2:$K99,TRUE)/auxiliar!$B$4 -> 0
A100: PERMANENTE | B100: FIBRAS | C100: CAÑA FLECHA | D100: 4321 | E100: 2007-2018 | F100: Eva antiguo | G100: Transitorio | H100: Hortalizas | I100: Calabacín, calabaza | J100: La suma de las cañas de 2018 coincide con el valor de Caña en 2019 | K100: TRUE | L100: =SUMIFS($D$2:$D100,$E$2:$E100,"2007-2018",$K$2:$K100,TRUE)/auxiliar!$B$3 -> 0.98698903 | M100: =SUMIFS($D$2:$D100,$E$2:$E100,"2019-2024",$K$2:$K100,TRUE)/auxiliar!$B$4 -> 0
A101: PERMANENTE | B101: FRUTALES | C101: BREVO | D101: 4107.1841 | E101: 2007-2018 | F101: Eva antiguo | G101: Permanente | H101: Frutales | I101: Brevo | K101: TRUE | L101: =SUMIFS($D$2:$D101,$E$2:$E101,"2007-2018",$K$2:$K101,TRUE)/auxiliar!$B$3 -> 0.98705711 | M101: =SUMIFS($D$2:$D101,$E$2:$E101,"2019-2024",$K$2:$K101,TRUE)/auxiliar!$B$4 -> 0
A102: PERMANENTE | B102: PLANTAS AROMATICAS, CONDIMENTARIAS Y MEDICINALES | C102: SABILA | D102: 3945.6148 | E102: 2007-2018 | F102: Eva antiguo | G102: Permanente | H102: Cultivos para condimentos, bebidas medicinales y aromáticas | I102: Sábila | K102: TRUE | L102: =SUMIFS($D$2:$D102,$E$2:$E102,"2007-2018",$K$2:$K102,TRUE)/auxiliar!$B$3 -> 0.9871225 | M102: =SUMIFS($D$2:$D102,$E$2:$E102,"2019-2024",$K$2:$K102,TRUE)/auxiliar!$B$4 -> 0
A103: PERMANENTE | B103: PLANTAS AROMATICAS, CONDIMENTARIAS Y MEDICINALES | C103: CARDAMOMO | D103: 3759.7 | E103: 2007-2018 | F103: Eva antiguo | G103: Permanente | H103: Cultivos para condimentos, bebidas medicinales y aromáticas | I103: Cardamomo | K103: TRUE | L103: =SUMIFS($D$2:$D103,$E$2:$E103,"2007-2018",$K$2:$K103,TRUE)/auxiliar!$B$3 -> 0.98718482 | M103: =SUMIFS($D$2:$D103,$E$2:$E103,"2019-2024",$K$2:$K103,TRUE)/auxiliar!$B$4 -> 0
A104: PERMANENTE | B104: FRUTALES | C104: MACADAMIA | D104: 3544.6 | E104: 2007-2018 | F104: Eva antiguo | G104: Permanente | H104: Frutales | I104: Macadamia | K104: TRUE | L104: =SUMIFS($D$2:$D104,$E$2:$E104,"2007-2018",$K$2:$K104,TRUE)/auxiliar!$B$3 -> 0.98724356 | M104: =SUMIFS($D$2:$D104,$E$2:$E104,"2019-2024",$K$2:$K104,TRUE)/auxiliar!$B$4 -> 0
A105: PERMANENTE | B105: FRUTALES | C105: MANZANA | D105: 3342.9083 | E105: 2007-2018 | F105: Eva antiguo | G105: Permanente | H105: Frutales | I105: Manzana | K105: TRUE | L105: =SUMIFS($D$2:$D105,$E$2:$E105,"2007-2018",$K$2:$K105,TRUE)/auxiliar!$B$3 -> 0.98729897 | M105: =SUMIFS($D$2:$D105,$E$2:$E105,"2019-2024",$K$2:$K105,TRUE)/auxiliar!$B$4 -> 0
A106: PERMANENTE | B106: FRUTALES | C106: FEIJOA | D106: 3145.8676 | E106: 2007-2018 | F106: Eva antiguo | G106: Permanente | H106: Frutales | I106: Feijoa | K106: TRUE | L106: =SUMIFS($D$2:$D106,$E$2:$E106,"2007-2018",$K$2:$K106,TRUE)/auxiliar!$B$3 -> 0.98735111 | M106: =SUMIFS($D$2:$D106,$E$2:$E106,"2019-2024",$K$2:$K106,TRUE)/auxiliar!$B$4 -> 0
A107: PERMANENTE | B107: FRUTALES | C107: CHOLUPA | D107: 3094.1 | E107: 2007-2018 | F107: Eva antiguo | G107: Permanente | H107: Frutales | I107: Guayaba | K107: TRUE | L107: =SUMIFS($D$2:$D107,$E$2:$E107,"2007-2018",$K$2:$K107,TRUE)/auxiliar!$B$3 -> 0.98740239 | M107: =SUMIFS($D$2:$D107,$E$2:$E107,"2019-2024",$K$2:$K107,TRUE)/auxiliar!$B$4 -> 0
A108: PERMANENTE | B108: FRUTALES | C108: TANGELO | D108: 3076.47 | E108: 2007-2018 | F108: Eva antiguo | G108: Permanente | H108: Frutales | I108: Tangelo | K108: TRUE | L108: =SUMIFS($D$2:$D108,$E$2:$E108,"2007-2018",$K$2:$K108,TRUE)/auxiliar!$B$3 -> 0.98745338 | M108: =SUMIFS($D$2:$D108,$E$2:$E108,"2019-2024",$K$2:$K108,TRUE)/auxiliar!$B$4 -> 0
A109: PERMANENTE | B109: FLORES Y FOLLAJES | C109: ROSA | D109: 3068.2 | E109: 2007-2018 | F109: Eva antiguo | J109: Pendiente | K109: FALSE | L109: =SUMIFS($D$2:$D109,$E$2:$E109,"2007-2018",$K$2:$K109,TRUE)/auxiliar!$B$3 -> 0.98745338 | M109: =SUMIFS($D$2:$D109,$E$2:$E109,"2019-2024",$K$2:$K109,TRUE)/auxiliar!$B$4 -> 0
A110: TRANSITORIO | B110: PLANTAS AROMATICAS, CONDIMENTARIAS Y MEDICINALES | C110: PLANTAS AROMATICAS | D110: 3011.095 | E110: 2007-2018 | F110: Eva antiguo | G110: Transitorio | H110: Cultivos para condimentos, bebidas medicinales y aromáticas | I110: Plantas aromáticas | K110: TRUE | L110: =SUMIFS($D$2:$D110,$E$2:$E110,"2007-2018",$K$2:$K110,TRUE)/auxiliar!$B$3 -> 0.98750329 | M110: =SUMIFS($D$2:$D110,$E$2:$E110,"2019-2024",$K$2:$K110,TRUE)/auxiliar!$B$4 -> 0
A111: TRANSITORIO | B111: HORTALIZAS | C111: COL | D111: 2909.9 | E111: 2007-2018 | F111: Eva antiguo | G111: Transitorio | H111: Hortalizas | I111: Col | K111: TRUE | L111: =SUMIFS($D$2:$D111,$E$2:$E111,"2007-2018",$K$2:$K111,TRUE)/auxiliar!$B$3 -> 0.98755152 | M111: =SUMIFS($D$2:$D111,$E$2:$E111,"2019-2024",$K$2:$K111,TRUE)/auxiliar!$B$4 -> 0
A112: PERMANENTE | B112: FIBRAS | C112: IRACA | D112: 2869 | E112: 2007-2018 | F112: Eva antiguo | G112: Permanente | H112: Cultivos tropicales tradicionales | I112: Iraca | K112: TRUE | L112: =SUMIFS($D$2:$D112,$E$2:$E112,"2007-2018",$K$2:$K112,TRUE)/auxiliar!$B$3 -> 0.98759907 | M112: =SUMIFS($D$2:$D112,$E$2:$E112,"2019-2024",$K$2:$K112,TRUE)/auxiliar!$B$4 -> 0
A113: TRANSITORIO | B113: HORTALIZAS | C113: CALABAZA | D113: 2849.1762 | E113: 2007-2018 | F113: Eva antiguo | G113: Transitorio | H113: Hortalizas | I113: Calabacín, calabaza | K113: TRUE | L113: =SUMIFS($D$2:$D113,$E$2:$E113,"2007-2018",$K$2:$K113,TRUE)/auxiliar!$B$3 -> 0.98764629 | M113: =SUMIFS($D$2:$D113,$E$2:$E113,"2019-2024",$K$2:$K113,TRUE)/auxiliar!$B$4 -> 0
A114: PERMANENTE | B114: FRUTALES | C114: FRUTALES VARIOS | D114: 2845.3434 | E114: 2007-2018 | F114: Eva antiguo | J114: Pendiente | K114: FALSE | L114: =SUMIFS($D$2:$D114,$E$2:$E114,"2007-2018",$K$2:$K114,TRUE)/auxiliar!$B$3 -> 0.98764629 | M114: =SUMIFS($D$2:$D114,$E$2:$E114,"2019-2024",$K$2:$K114,TRUE)/auxiliar!$B$4 -> 0
A115: PERMANENTE | B115: FRUTALES | C115: AGRAZ | D115: 2730.4 | E115: 2007-2018 | F115: Eva antiguo | G115: Permanente | H115: Frutales | I115: Agraz - mortiño | K115: TRUE | L115: =SUMIFS($D$2:$D115,$E$2:$E115,"2007-2018",$K$2:$K115,TRUE)/auxiliar!$B$3 -> 0.98769155 | M115: =SUMIFS($D$2:$D115,$E$2:$E115,"2019-2024",$K$2:$K115,TRUE)/auxiliar!$B$4 -> 0
A116: PERMANENTE | B116: FRUTALES | C116: CHIRIMOYA | D116: 2527.7432 | E116: 2007-2018 | F116: Eva antiguo | G116: Permanente | H116: Frutales | I116: Chirimoya | K116: TRUE | L116: =SUMIFS($D$2:$D116,$E$2:$E116,"2007-2018",$K$2:$K116,TRUE)/auxiliar!$B$3 -> 0.98773344 | M116: =SUMIFS($D$2:$D116,$E$2:$E116,"2019-2024",$K$2:$K116,TRUE)/auxiliar!$B$4 -> 0
A117: TRANSITORIO | B117: FLORES Y FOLLAJES | C117: GIRASOL | D117: 2479.08 | E117: 2007-2018 | F117: Eva antiguo | J117: Pendiente | K117: FALSE | L117: =SUMIFS($D$2:$D117,$E$2:$E117,"2007-2018",$K$2:$K117,TRUE)/auxiliar!$B$3 -> 0.98773344 | M117: =SUMIFS($D$2:$D117,$E$2:$E117,"2019-2024",$K$2:$K117,TRUE)/auxiliar!$B$4 -> 0
...

Sheet auxiliar
B2: Area sembrada
A3: 2007-2018 | B3: =SUMIF(Sheet1!$E:$E,$A3,Sheet1!$D:$D) -> 60334864
A4: 2019-2024 | B4: =SUMIF(Sheet1!$E:$E,$A4,Sheet1!$D:$D) -> 32491337
